region_id,count,dbscan_label,representative_relative_dissimilarity,cwc_id
GCF_000332235_02686,1,-1.0,0.0,0
GCF_000204075_01843,1,-1.0,0.875,1
GCF_000340785_01348,1,-1.0,0.9130434782608695,2
GCF_000011385_04410,1,-1.0,0.9629629629629629,3
GCF_000046845_01132,1,-1.0,1.0,4
